Average Solve Time,Average Explored Tiles/Iterations,Average Path Tiles,Average Memory Footprint
0.025989710199610272,58.8,44.8,5258.4
0.2124112827998033,213.5,29.4,12460.8
0.067533131,110,29.6,7261.6
0.3734115949993793,34.2,29.4,4032
0.5627114077999067,28.3,29.4,5960
