Average Solve Time,Average Explored Tiles/Iterations,Average Path Tiles,Average Memory Footprint
0.05612716,82.9,59.6,6681.6
0.6783320696997179,388.8,40.6,23147.2
0.15770790960013983,173.6,40.6,10236.8
0.8713452277999749,45.6,40.6,6832
1.4293680584998583,40.3,40.6,10160
