Average Solve Time,Average Explored Tiles/Iterations,Average Path Tiles,Average Memory Footprint
0.07852376890004961,111.0,99.6,9057.6
6.731162219599355,1223.3,72.2,48504.0
1.434900461199868,530.9,72.2,30792.8
4.73588472329975,76.2,72.2,20032.0
8.499750325999958,71.2,72.2,29960.0
