Average Solve Time,Average Explored Tiles/Iterations,Average Path Tiles,Average Memory Footprint
0.38761692229963957,239.9,168.0,17292.0
8.10726225849994,1594.6,83.2,88528.0
1.7797836317000475,714.4,83.4,38935.2
5.063256266299868,87.6,83.2,26032.0
8.985690622799666,81.6,83.2,38960.0
