Average Solve Time,Average Explored Tiles/Iterations,Average Path Tiles,Average Memory Footprint
0.33738314110032663,227.0,143.6,15131.2
11.142130637500305,1590.4,82.6,88475.2
2.515777310000158,727.9,83.0,37257.6
6.907730051700128,87.8,82.6,26032.0
12.184502201499708,78.3,82.6,38960.0
