Average Solve Time,Average Explored Tiles/Iterations,Average Path Tiles,Average Memory Footprint
0.6664179223000246,308.7,136.2,20888.0
17.293204337699898,2019.3,93.6,92118.4
4.816156908699486,996.5,94.2,51480.0
9.208852912099974,97.9,93.6,32832.0
17.301060864499778,92.9,93.6,49160.0
