Average Solve Time,Average Explored Tiles/Iterations,Average Path Tiles,Average Memory Footprint
0.028767212699949595,68.5,54.4,5440.0
0.6706037472999924,392.5,38.8,23200.0
0.24293358529994294,198.8,39.2,11578.4
0.8232198379001602,42.3,38.8,6832.0
1.392620858200189,37.2,38.8,10160.0
