Average Solve Time,Average Explored Tiles/Iterations,Average Path Tiles,Average Memory Footprint
0.005748129899984633,27.5,21.6,3012.8
0.036523608900461114,97.2,17.6,7158.4
0.016696739700091712,56.1,17.6,3975.2
0.0700221187000352,21.0,17.6,2032.0
0.10284297820035135,18.4,17.6,2960.0
