Average Solve Time,Average Explored Tiles/Iterations,Average Path Tiles,Average Memory Footprint
0.23137802380006178,210.0,174.8,16780.0
19.828366152300077,2491.2,106.4,96025.6
5.168997710599979,1176.5,107.0,57725.6
9.782746226600011,111.4,106.4,40432.0
17.580816720400072,101.9,106.4,60560.0
