Average Solve Time,Average Explored Tiles/Iterations,Average Path Tiles,Average Memory Footprint
0.06261501999979373,93.8,77.2,6894.4
1.6976810521002335,613.7,51.4,25259.2
0.473130265400323,281.1,52.0,16026.4
1.8486861089999365,56.5,51.4,10432.0
3.0208081300999767,50.1,51.4,15560.0
