Average Solve Time,Average Explored Tiles/Iterations,Average Path Tiles,Average Memory Footprint
0.02440659109988701,48.8,40.0,4796.8
0.24922624249993533,223.6,30.6,12566.4
0.09153029449971654,132.8,30.6,7937.6
0.4742030841997803,37.4,30.6,4032.0
0.718888677400173,30.1,30.6,5960.0
