Average Solve Time,Average Explored Tiles/Iterations,Average Path Tiles,Average Memory Footprint
0.10201643210002657,101.3,56.4,7468.0
0.5465012298996953,392.7,40.6,23200.0
0.128518382600123,171.8,40.6,9956.0
0.6113706002997787,44.3,40.6,6832.0
0.9945487541001057,41.2,40.6,10160.0
