Average Solve Time,Average Explored Tiles/Iterations,Average Path Tiles,Average Memory Footprint
0.078374431,98,86.8,7408.8
4.490482760899795,892.5,61.8,45969.6
1.3869414178003354,479.5,61.8,26676
3.6144173613996826,65.8,61.8,14832
6.336668952599576,57.7,61.8,22160
