Average Solve Time,Average Explored Tiles/Iterations,Average Path Tiles,Average Memory Footprint
0.00177101,10.5,7.6,2152
0.00452161,22.8,7.2,2634.4
0.00325496,18.9,7.2,1764
0.01393625,9.8,7.2,832
0.018979339999714285,7.7,7.2,1160
