Average Solve Time,Average Explored Tiles/Iterations,Average Path Tiles,Average Memory Footprint
0.1417777846005265,132.6,107.8,9624.8
3.1314903647999017,896.3,63.0,45864.0
0.8590055208997001,448.9,63.0,25401.6
2.250382384600198,66.8,63.0,14832.0
3.447736049299965,62.0,63.0,22160.0
