Average Solve Time,Average Explored Tiles/Iterations,Average Path Tiles,Average Memory Footprint
0.4889296531000582,254.8,172.2,17202.4
27.378963611899962,2498.1,105.4,95920.0
5.102938955599893,997.1,105.4,52720.8
12.89595063609995,107.6,108.8,40432.0
23.70034870899999,100.9,105.4,60560.0
