Average Solve Time,Average Explored Tiles/Iterations,Average Path Tiles,Average Memory Footprint
0.00583279,22.9,19.4,2850.4
0.045628259799923396,90.3,18,6652
0.021501730000090903,58.9,18,3856
0.1125862798999151,22.4,18,2032
0.17148731960005534,17.1,18,2960
